Ensembl.ID	ENTREZ.ID	GeneSymbol	log2FC	pvalue
ENSG00000000938	2268	FGR	1.46547447	0.00000501
ENSG00000003137	56603	CYP26B1	0.978555909	0.010075029
ENSG00000003400	843	CASP10	0.719546418	0.0000431
ENSG00000004468	952	CD38	0.83293379	0.003916706
ENSG00000005001	64063	PRSS22	1.26378852	0.000521611
ENSG00000005102	4222	MEOX1	0.914546285	0.00098811
ENSG00000006118	54972	TMEM132A	1.213902539	0.000099
ENSG00000006606	10344	CCL26	0.679678298	0.007728635
ENSG00000007038	10942	PRSS21	0.85902471	0.021694608
ENSG00000007129	90273	CEACAM21	0.584059702	0.020339073
ENSG00000007171	4843	NOS2	2.589983758	0.000000000552
ENSG00000007908	6401	SELE	4.322393948	0.000000000000068
ENSG00000007933	2328	FMO3	1.938687369	0.00000728
ENSG00000008513	6482	ST3GAL1	0.989473244	0.000195977
ENSG00000008516	64386	MMP25	0.818960829	0.001720421
ENSG00000008853	23221	RHOBTB2	-0.642742971	0.008089109
ENSG00000009694	10178	TENM1	-0.689087283	0.010704844
ENSG00000010030	51513	ETV7	1.02540855	0.000000127
ENSG00000010932	2326	FMO1	-2.056805849	0.000363693
ENSG00000011422	5329	PLAUR	1.114024953	0.000847443
ENSG00000011590	27033	ZBTB32	0.900504443	0.038046477
ENSG00000012504	9971	NR1H4	-1.837998041	0.00000131
ENSG00000012779	240	ALOX5	0.581525476	0.013250769
ENSG00000013016	30845	EHD3	0.584067218	0.022300979
ENSG00000013293	57709	SLC7A14	-0.810837516	0.009403642
ENSG00000013583	50865	HEBP1	-0.718277462	0.0000931
ENSG00000014257	55	ACPP	0.723781097	0.000335164
ENSG00000015413	1800	DPEP1	-3.487072385	0.0000000000119
ENSG00000015520	29881	NPC1L1	-2.837365755	0.000000033
ENSG00000018236	1272	CNTN1	-0.77588253	0.003152464
ENSG00000018280	6556	SLC11A1	2.847326921	0.000000000441
ENSG00000019169	8685	MARCO	1.726531547	0.001270465
ENSG00000019991	3082	HGF	1.112695255	0.000312793
ENSG00000021488	11136	SLC7A9	-3.952008574	0.00000000000000123
ENSG00000021826	1373	CPS1	-1.653339102	0.000248837
ENSG00000023171	57476	GRAMD1B	-0.919253489	0.000884364
ENSG00000023445	330	BIRC3	0.888504228	0.000077
ENSG00000023839	1244	ABCC2	-2.761444879	0.000000000000129
ENSG00000023902	51177	PLEKHO1	0.596566188	0.010707234
ENSG00000025708	1890	TYMP	1.398324246	0.0000000722
ENSG00000026036	100533107	RTEL1-TNFRSF6B	0.810788758	0.001344791
ENSG00000026652	56895	AGPAT4	0.980073682	0.0000699
ENSG00000026751	57823	SLAMF7	0.799520748	0.00224935
ENSG00000027869	9047	SH2D2A	0.599405	0.002219522
ENSG00000029153	56938	ARNTL2	0.943252798	0.000016
ENSG00000029534	286	ANK1	0.902316803	0.006620485
ENSG00000034053	321	APBA2	0.71510628	0.006665228
ENSG00000036473	5009	OTC	-1.605347376	0.00000206
ENSG00000036828	846	CASR	-0.723574635	0.006511431
ENSG00000037965	3224	HOXC8	-1.00578109	0.007883783
ENSG00000041982	3371	TNC	2.515037395	0.00000000133
ENSG00000042832	7038	TG	0.691849796	0.008044941
ENSG00000043462	3937	LCP2	0.773928632	0.000765834
ENSG00000049192	11174	ADAMTS6	0.958153647	0.001402713
ENSG00000049249	3604	TNFRSF9	0.889356567	0.018089703
ENSG00000049768	50943	FOXP3	1.165528312	0.000946283
ENSG00000050555	10319	LAMC3	1.084844344	0.005966612
ENSG00000050730	79931	TNIP3	5.346356263	0.0000000000000000000000000262
ENSG00000050767	91522	COL23A1	1.67654197	0.000000134
ENSG00000054598	2296	FOXC1	0.674182652	0.007238574
ENSG00000054938	25884	CHRDL2	2.860948335	0.00000001
ENSG00000054967	84957	RELT	0.706893251	0.004311878
ENSG00000056558	7185	TRAF1	0.642938633	0.016352248
ENSG00000057149	6317	SERPINB3	9.279305962	0.0000000000000795
ENSG00000057657	639	PRDM1	0.737039733	0.000464421
ENSG00000058085	3918	LAMC2	0.711445497	0.002098531
ENSG00000059804	6515	SLC2A3	1.512304122	0.0000143
ENSG00000060558	2769	GNA15	1.203752888	0.00000436
ENSG00000060566	84699	CREB3L3	-1.362845289	0.000475731
ENSG00000060982	586	BCAT1	0.862154451	0.004225628
ENSG00000061337	11178	LZTS1	1.175024454	0.0000408
ENSG00000061656	6676	SPAG4	0.966154502	0.001137978
ENSG00000062038	1001	CDH3	2.220339956	0.000000131
ENSG00000064692	9627	SNCAIP	0.663769199	0.008215665
ENSG00000064886	1117	CHI3L2	1.753525906	0.000270988
ENSG00000064932	22904	SBNO2	0.9391677	0.00000116
ENSG00000065154	4942	OAT	-0.939501295	0.0000242
ENSG00000065833	4199	ME1	0.631411023	0.0015445
ENSG00000066032	1496	CTNNA2	-0.651194364	0.013655504
ENSG00000066336	6688	SPI1	0.745406388	0.003519602
ENSG00000066405	51208	CLDN18	3.515436465	0.00000000023
ENSG00000068366	2182	ACSL4	0.988374757	0.000144211
ENSG00000069399	602	BCL3	0.684301565	0.0000425
ENSG00000069431	10060	ABCC9	0.786605324	0.005126423
ENSG00000069535	4129	MAOB	-1.20328183	0.00000274
ENSG00000070190	27071	DAPP1	1.147829091	0.0000481
ENSG00000070193	2255	FGF10	1.316512586	0.000331723
ENSG00000070601	22844	FRMPD1	-0.678778224	0.045143242
ENSG00000071575	28951	TRIB2	0.628654419	0.011884663
ENSG00000071967	79901	CYBRD1	-0.846076177	0.000876612
ENSG00000073756	5743	PTGS2	3.073602495	0.000000000126
ENSG00000073861	30009	TBX21	0.824172457	0.000221102
ENSG00000074181	4854	NOTCH3	1.062800903	0.000508238
ENSG00000074660	8578	SCARF1	0.632503953	0.001711035
ENSG00000075618	6624	FSCN1	0.634861687	0.019575002
ENSG00000076706	4162	MCAM	0.734421621	0.001649563
ENSG00000077984	8530	CST7	0.865065866	0.000825581
ENSG00000078081	27074	LAMP3	1.280477125	0.000311015
ENSG00000078098	2191	FAP	3.0899946	0.0000000000276
ENSG00000079215	6507	SLC1A3	1.705443231	0.0000133
ENSG00000079385	634	CEACAM1	0.663925401	0.019523618
ENSG00000079841	22999	RIMS1	0.806093744	0.015471646
ENSG00000080573	50509	COL5A3	1.611874299	0.0000000822
ENSG00000081041	2920	CXCL2	2.992104781	0.00000000000157
ENSG00000081181	384	ARG2	-0.854105916	0.007306461
ENSG00000081800	6561	SLC13A1	-3.985542252	0.0000000000000447
ENSG00000081985	3595	IL12RB2	0.990709689	0.000128663
ENSG00000084110	3034	HAL	0.729646961	0.007045234
ENSG00000084674	338	APOB	-4.814659821	0.00000000000000000177
ENSG00000084710	22979	EFR3B	-0.73575069	0.00018957
ENSG00000085265	2219	FCN1	3.092785319	0.0000000000389
ENSG00000085514	29992	PILRA	1.008909569	0.000575137
ENSG00000085563	5243	ABCB1	-0.677092189	0.011296812
ENSG00000086205	2346	FOLH1	-1.499529557	0.002147061
ENSG00000086300	29887	SNX10	1.130351091	0.0000372
ENSG00000086548	4680	CEACAM6	0.890755611	0.006280251
ENSG00000087116	9509	ADAMTS2	1.810504292	0.000000298
ENSG00000087245	4313	MMP2	1.03484159	0.001135317
ENSG00000087589	57091	CASS4	1.129213988	0.0000212
ENSG00000088340	80307	FER1L4	1.494153799	0.0000508
ENSG00000088386	6564	SLC15A1	-1.063279656	0.001521221
ENSG00000088826	54498	SMOX	0.927750596	0.0000494
ENSG00000088836	83959	SLC4A11	1.329146082	0.00000215
ENSG00000088882	56265	CPXM1	2.477863488	0.0000000000276
ENSG00000089041	5027	P2RX7	0.926761853	0.000417607
ENSG00000089692	3902	LAG3	0.815749853	0.000774867
ENSG00000090339	3383	ICAM1	1.456803651	0.000000369
ENSG00000090376	11213	IRAK3	0.603005035	0.007221562
ENSG00000090402	6476	SI	-0.614114193	0.032694312
ENSG00000091129	4897	NRCAM	0.914268492	0.014339706
ENSG00000091137	5172	SLC26A4	2.329387393	0.00000000312
ENSG00000091181	3568	IL5RA	0.728190911	0.010420354
ENSG00000091879	285	ANGPT2	1.152031846	0.0000319
ENSG00000092009	1215	CMA1	-0.681484712	0.03002796
ENSG00000092067	1053	CEBPE	1.344039396	0.000018
ENSG00000092929	201294	UNC13D	0.880131625	0.00000555
ENSG00000092969	7042	TGFB2	0.598402369	0.03801628
ENSG00000093134	55350	VNN3	3.593144495	0.00000000205
ENSG00000094963	2327	FMO2	1.945477308	0.000014
ENSG00000095627	56165	TDRD1	1.96197811	0.00000709
ENSG00000095752	3589	IL11	5.709186911	0.00000000000000207
ENSG00000096088	5225	PGC	1.768915814	0.006948529
ENSG00000096996	3594	IL12RB1	0.68298637	0.002157575
ENSG00000099194	6319	SCD	0.926629974	0.00000818
ENSG00000099260	54873	PALMD	0.582059905	0.011745394
ENSG00000099958	91319	DERL3	1.068612263	0.000387139
ENSG00000099985	5008	OSM	5.636386961	0.000000000000000000101
ENSG00000099994	56241	SUSD2	-2.114998944	0.00000000122
ENSG00000100033	5625	PRODH	-1.401265428	0.00000729
ENSG00000100055	27128	CYTH4	0.623237764	0.00919827
ENSG00000100078	50487	PLA2G3	4.690918824	0.00000000000000163
ENSG00000100181	387590	TPTEP1	0.703970961	0.021184318
ENSG00000100191	6527	SLC5A4	-3.485910996	0.0000000000000179
ENSG00000100197	1565	CYP2D6	-1.751013865	0.000016
ENSG00000100298	164668	APOBEC3H	0.917515149	0.001201225
ENSG00000100336	80832	APOL4	0.787637845	0.000803713
ENSG00000100342	8542	APOL1	1.395189329	0.0000000000441
ENSG00000100344	80339	PNPLA3	0.719242263	0.032761817
ENSG00000100368	1439	CSF2RB	1.025803104	0.000924385
ENSG00000100427	23209	MLC1	1.152393103	0.001544252
ENSG00000100450	2999	GZMH	1.442829666	0.000000228
ENSG00000100453	3002	GZMB	2.465180525	0.0000000000938
ENSG00000100625	51804	SIX4	1.478826944	0.0000161
ENSG00000100644	3091	HIF1A	0.662253888	0.000194963
ENSG00000100985	4318	MMP9	1.138753861	0.001874755
ENSG00000101017	958	CD40	0.823003045	0.000870647
ENSG00000101187	28231	SLCO4A1	0.781504574	0.000274122
ENSG00000101194	63910	SLC17A9	0.627929092	0.009530032
ENSG00000101224	994	CDC25B	0.788684055	0.00000796
ENSG00000101298	9751	SNPH	1.198472902	0.00000024
ENSG00000101307	10326	SIRPB1	1.535957948	0.0000815
ENSG00000101336	3055	HCK	0.682612045	0.001489904
ENSG00000101670	9388	LIPG	0.940383013	0.00000125
ENSG00000101842	340547	VSIG1	3.059880241	0.0000000000259
ENSG00000101846	412	STS	0.86859155	0.00000686
ENSG00000101916	51311	TLR8	1.037469584	0.000817556
ENSG00000102096	11040	PIM2	1.152507744	0.000128056
ENSG00000102109	27344	PCSK1N	-0.712341157	0.021212244
ENSG00000102174	5251	PHEX	-1.147451744	0.00021008
ENSG00000102265	7076	TIMP1	1.219310681	0.0000217
ENSG00000102359	27286	SRPX2	1.399013912	0.000000255
ENSG00000102678	2254	FGF9	-0.754291408	0.000350272
ENSG00000102802	84935	MEDAG	1.929810702	0.00000265
ENSG00000102837	10562	OLFM4	2.390092891	0.000000000145
ENSG00000102970	6361	CCL17	1.842514715	0.000318425
ENSG00000103257	8140	SLC7A5	1.329532829	0.00000199
ENSG00000103313	4210	MEFV	2.208552915	0.00000000741
ENSG00000103522	50615	IL21R	0.858095822	0.02280046
ENSG00000103569	366	AQP9	7.035094224	0.00000000000000000000000000444
ENSG00000103742	57722	IGDCC4	0.618801098	0.024116242
ENSG00000104549	6713	SQLE	0.632899257	0.000139327
ENSG00000104808	27294	DHDH	-2.466339135	0.000000000473
ENSG00000104951	259307	IL4I1	1.214640122	0.000320662
ENSG00000104972	10859	LILRB1	0.868915712	0.002213431
ENSG00000104974	11024	LILRA1	1.568438269	0.00000349
ENSG00000105205	1178	CLC	1.490788066	0.00000643
ENSG00000105352	1089	CEACAM4	2.670776529	0.00000000515
ENSG00000105371	3386	ICAM4	0.582893191	0.024635319
ENSG00000105374	4818	NKG7	0.811694321	0.000135644
ENSG00000105398	6822	SULT2A1	-1.122935114	0.029963016
ENSG00000105464	2906	GRIN2D	1.242089946	0.0000728
ENSG00000105501	8778	SIGLEC5	0.993006602	0.012746113
ENSG00000105825	7980	TFPI2	1.173612829	0.005670014
ENSG00000105835	10135	NAMPT	1.135423011	0.00000556
ENSG00000105989	7472	WNT2	5.66798636	0.000000000000202
ENSG00000106069	1124	CHN2	-0.583220166	0.006908483
ENSG00000106333	5118	PCOLCE	0.601427467	0.033214649
ENSG00000106366	5054	SERPINE1	2.720896822	0.000000000287
ENSG00000106404	24146	CLDN15	-0.967954703	0.00000952
ENSG00000106714	79937	CNTNAP3	0.79223505	0.002354355
ENSG00000106991	2022	ENG	0.656676034	0.003539481
ENSG00000107159	768	CA9	0.947023694	0.005197367
ENSG00000107295	6456	SH3GL2	-0.88683227	0.000265699
ENSG00000107317	5730	PTGDS	0.822080678	0.040147982
ENSG00000107611	8029	CUBN	-4.170135843	0.00000000000000000212
ENSG00000107968	1326	MAP3K8	0.832346114	0.00000814
ENSG00000107984	22943	DKK1	0.874003102	0.02287973
ENSG00000108001	253738	EBF3	1.249116919	0.000760056
ENSG00000108242	1562	CYP2C18	-0.62648165	0.02603911
ENSG00000108244	25984	KRT23	1.891685976	0.0000117
ENSG00000108342	1440	CSF3	7.389933109	0.0000000000000000000183
ENSG00000108381	443	ASPA	-0.994293303	0.000163832
ENSG00000108556	1145	CHRNE	0.637593505	0.041506907
ENSG00000108576	6532	SLC6A4	-4.240012236	0.000000000000000161
ENSG00000108691	6347	CCL2	1.075569191	0.00091964
ENSG00000108821	1277	COL1A1	1.538036574	0.0000124
ENSG00000108849	5539	PPY	-1.095439579	0.014267864
ENSG00000108932	9120	SLC16A6	0.912075648	0.001409617
ENSG00000108950	54757	FAM20A	1.919738769	0.000000254
ENSG00000109158	2557	GABRA4	0.738462263	0.007896209
ENSG00000109193	6783	SULT1E1	-1.882527229	0.000039
ENSG00000109790	51088	KLHL5	0.619589613	0.007374636
ENSG00000109943	56253	CRTAM	0.588091444	0.016127941
ENSG00000110244	337	APOA4	-3.879995116	0.0000000000000576
ENSG00000110245	345	APOC3	-3.763461572	0.000000000000606
ENSG00000110328	374378	GALNT18	0.604367618	0.0000879
ENSG00000110693	55553	SOX6	-0.995972516	0.000081
ENSG00000110799	7450	VWF	1.1080204	0.0000275
ENSG00000110944	51561	IL23A	1.989400682	0.00000566
ENSG00000111012	1594	CYP27B1	1.256176919	0.0000173
ENSG00000111199	59341	TRPV4	0.844855269	0.003378605
ENSG00000111335	4939	OAS2	0.882263952	0.0000638
ENSG00000111341	4256	MGP	0.810441196	0.002977044
ENSG00000111432	11211	FZD10	0.685626455	0.021831291
ENSG00000111537	3458	IFNG	3.298239838	0.0000000000163
ENSG00000111729	50856	CLEC4A	0.909977459	0.000333156
ENSG00000111799	1303	COL12A1	1.616307187	0.0000161
ENSG00000111912	135112	NCOA7	0.85548698	0.0000231
ENSG00000112096	6648	SOD2	0.84578087	0.000579838
ENSG00000112115	3605	IL17A	4.385687043	0.0000000000000153
ENSG00000112195	79865	TREML2	1.159805077	0.009600783
ENSG00000112212	222642	TSPO2	1.318388726	0.00265665
ENSG00000112214	9457	FHL5	0.701124802	0.008122318
ENSG00000112232	202559	KHDRBS2	-1.528522028	0.0000396
ENSG00000112299	8876	VNN1	1.199082811	0.001128132
ENSG00000112303	8875	VNN2	1.304698722	0.001171875
ENSG00000112541	10846	PDE10A	0.634453765	0.023675312
ENSG00000112559	4188	MDFI	2.01306906	0.00000000343
ENSG00000113070	1839	HBEGF	0.749640628	0.032284121
ENSG00000113140	6678	SPARC	0.661326108	0.007421803
ENSG00000113492	64902	AGXT2	-3.743999008	0.0000000000000982
ENSG00000113721	5159	PDGFRB	0.839588931	0.001571121
ENSG00000113739	8614	STC2	1.426787865	0.00000664
ENSG00000113749	3274	HRH2	1.479275922	0.0000546
ENSG00000114113	5948	RBP2	-2.296134926	0.0000000352
ENSG00000114251	7474	WNT5A	1.37924552	0.0000137
ENSG00000114270	1294	COL7A1	3.035874468	0.000000000184
ENSG00000114378	3373	HYAL1	0.960789098	0.000062
ENSG00000114771	13	AADAC	-4.090357095	0.0000000000000976
ENSG00000115008	3552	IL1A	3.410777891	0.000000000751
ENSG00000115009	6364	CCL20	1.514764561	0.000134921
ENSG00000115226	64838	FNDC4	0.63742393	0.018614887
ENSG00000115255	92840	REEP6	-0.946284652	0.000615034
ENSG00000115363	84141	EVA1A	1.027425403	0.000578937
ENSG00000115415	6772	STAT1	1.01573641	0.000000561
ENSG00000115461	3488	IGFBP5	1.36170765	0.000028
ENSG00000115474	3769	KCNJ13	-3.44339662	0.000000000711
ENSG00000115523	10578	GNLY	0.769829813	0.003314509
ENSG00000115607	8807	IL18RAP	1.251767426	0.000000377
ENSG00000115850	3938	LCT	-1.184642415	0.015952361
ENSG00000115919	8942	KYNU	1.869279319	0.000000608
ENSG00000115956	5341	PLEK	1.479964227	0.0000308
ENSG00000116132	5396	PRRX1	1.375940575	0.001936978
ENSG00000116663	26270	FBXO6	0.866653712	0.0000000307
ENSG00000116701	4688	NCF2	1.424245748	0.000000364
ENSG00000116819	339488	TFAP2E	0.58977677	0.007691398
ENSG00000117009	8564	KMO	0.695987397	0.034483383
ENSG00000117090	6504	SLAMF1	0.81759631	0.003213159
ENSG00000117122	4237	MFAP2	0.88367094	0.001754765
ENSG00000117152	5999	RGS4	0.854743034	0.003534518
ENSG00000117228	2633	GBP1	1.990463922	0.00000000000216
ENSG00000117461	8503	PIK3R3	0.650580283	0.00000858
ENSG00000117594	3290	HSD11B1	1.861237383	0.00000452
ENSG00000117834	200010	SLC5A9	-1.712667183	0.00000165
ENSG00000118094	11181	TREH	-1.176220289	0.00041892
ENSG00000118137	335	APOA1	-4.283924479	0.000000000000000399
ENSG00000118271	7276	TTR	-0.70900313	0.007077821
ENSG00000118473	84251	SGIP1	0.942586878	0.000900446
ENSG00000118785	6696	SPP1	1.666266482	0.000222013
ENSG00000118946	27253	PCDH17	1.103383485	0.000293016
ENSG00000119508	8013	NR4A3	1.46823931	0.0000946
ENSG00000119535	1441	CSF3R	3.045802944	0.00000000000335
ENSG00000119630	5228	PGF	0.914550483	0.00103309
ENSG00000119681	4053	LTBP2	0.688282459	0.021845308
ENSG00000119699	7043	TGFB3	0.676197132	0.009867602
ENSG00000119714	8111	GPR68	0.726080338	0.002336041
ENSG00000119917	3437	IFIT3	1.203234776	0.000000163
ENSG00000119922	3433	IFIT2	0.695018014	0.000303719
ENSG00000120057	6425	SFRP5	-2.888753061	0.0000000000037
ENSG00000120149	4488	MSX2	1.77331317	0.0000141
ENSG00000120217	29126	CD274	2.15833537	0.0000000000083
ENSG00000120708	7045	TGFBI	0.81443022	0.000801319
ENSG00000120875	1846	DUSP4	0.840852282	0.000823885
ENSG00000120949	943	TNFRSF8	1.263284205	0.000744194
ENSG00000121207	9227	LRAT	-3.454860377	0.000000000000011
ENSG00000121361	3764	KCNJ8	0.922771482	0.001479378
ENSG00000121594	941	CD80	1.406049377	0.0000425
ENSG00000121904	114784	CSMD2	1.232111288	0.000769875
ENSG00000122188	54900	LAX1	0.991149455	0.001784354
ENSG00000122367	11155	LDB3	0.63372724	0.029562245
ENSG00000122420	5737	PTGFR	0.709936215	0.026372896
ENSG00000122585	4852	NPY	-0.889906867	0.008103955
ENSG00000122641	3624	INHBA	4.349949843	0.000000000000000793
ENSG00000122679	10268	RAMP3	0.913085488	0.000343731
ENSG00000122691	7291	TWIST1	1.383866637	0.001567545
ENSG00000122711	27290	SPINK4	1.843811557	0.00000113
ENSG00000122756	1271	CNTFR	-1.017232155	0.01113967
ENSG00000122861	5328	PLAU	1.590629103	0.000000656
ENSG00000122862	5552	SRGN	1.047275026	0.000188068
ENSG00000122863	9469	CHST3	0.895061733	0.000125854
ENSG00000122877	1959	EGR2	1.130492387	0.000151809
ENSG00000123342	4327	MMP19	1.189778928	0.000098
ENSG00000123388	3227	HOXC11	-1.550877255	0.003968098
ENSG00000123405	4778	NFE2	3.02519905	0.00000000349
ENSG00000123496	3598	IL13RA2	2.69743264	0.0000000409
ENSG00000123560	5354	PLP1	-0.61714594	0.022871673
ENSG00000123561	6906	SERPINA7	-0.830120692	0.029945531
ENSG00000123572	203447	NRK	-0.934437681	0.007644245
ENSG00000123610	7130	TNFAIP6	3.328085829	0.000000000139
ENSG00000123685	55509	BATF3	1.070692794	0.000257884
ENSG00000123689	50486	G0S2	1.531876467	0.0000545
ENSG00000123838	722	C4BPA	2.566783346	0.00000000744
ENSG00000123843	725	C4BPB	3.090492788	0.0000000000000000143
ENSG00000124102	5266	PI3	3.550156439	0.0000000000000203
ENSG00000124216	6615	SNAI1	1.672670032	0.00000163
ENSG00000124256	81030	ZBP1	1.486658039	0.0000000261
ENSG00000124491	2162	F13A1	-0.637519964	0.021800395
ENSG00000124731	54210	TREM1	4.991309673	0.00000000000000000324
ENSG00000124875	6372	CXCL6	3.473462779	0.00000000000000333
ENSG00000125046	51066	SSUH2	-0.974299803	0.000410428
ENSG00000125255	6555	SLC10A2	-4.438284774	0.000000000000000208
ENSG00000125347	3659	IRF1	1.059979038	0.000000000402
ENSG00000125409	64518	TEKT3	-0.860015961	0.004026483
ENSG00000125538	3553	IL1B	3.793689051	0.000000000000717
ENSG00000125657	8744	TNFSF9	0.975191599	0.002318238
ENSG00000125810	22918	CD93	0.601483562	0.009766936
ENSG00000125851	5126	PCSK2	-0.766210215	0.001681327
ENSG00000125910	8698	S1PR4	0.754742703	0.030655528
ENSG00000125966	10893	MMP24	-0.776953275	0.004420392
ENSG00000126246	79713	IGFLR1	0.729405687	0.014208222
ENSG00000126262	2867	FFAR2	2.592954919	0.00000000000124
ENSG00000126759	5199	CFP	0.717267614	0.011671278
ENSG00000127129	1907	EDN2	-0.937137033	0.003654688
ENSG00000127241	5648	MASP1	1.467561272	0.000494827
ENSG00000127578	117166	WFIKKN1	-0.670379546	0.015480018
ENSG00000127954	79689	STEAP4	1.480333818	0.0000224
ENSG00000128039	79644	SRD5A3	0.607301685	0.002331883
ENSG00000128165	79924	ADM2	0.595803864	0.0000592
ENSG00000128284	80833	APOL3	0.86983261	0.0000494
ENSG00000128335	23780	APOL2	0.854175831	0.0000000937
ENSG00000128383	200315	APOBEC3A	2.148199458	0.0000174
ENSG00000128578	57464	STRIP2	1.591046445	0.000000734
ENSG00000128591	2318	FLNC	0.601077347	0.022500748
ENSG00000128656	1123	CHN1	0.618354882	0.041668009
ENSG00000128918	8854	ALDH1A2	1.311177068	0.004946121
ENSG00000128965	79094	CHAC1	2.055146405	0.00000000000446
ENSG00000129048	51554	ACKR4	1.390449745	0.000120494
ENSG00000129214	6462	SHBG	-2.753145962	0.0000000000426
ENSG00000129450	27180	SIGLEC9	0.66974481	0.010108465
ENSG00000129451	5655	KLK10	3.508961894	0.0000000000141
ENSG00000129521	112399	EGLN3	0.682531738	0.000927456
ENSG00000130164	3949	LDLR	0.649801438	0.00146397
ENSG00000130208	341	APOC1	0.650538952	0.024018955
ENSG00000130234	59272	ACE2	-1.060016794	0.000864927
ENSG00000130303	684	BST2	0.716192898	0.00101664
ENSG00000130307	83878	USHBP1	0.594649416	0.004307883
ENSG00000130487	113730	KLHDC7B	1.013177825	0.00072495
ENSG00000130508	7837	PXDN	0.595244714	0.022262096
ENSG00000130558	10439	OLFM1	0.580086491	0.031010922
ENSG00000130589	85441	HELZ2	0.618209692	0.000317867
ENSG00000130600	283120	H19	1.538868738	0.0000607
ENSG00000130707	445	ASS1	1.154898458	0.00000323
ENSG00000130775	9473	THEMIS2	0.773968243	0.002754368
ENSG00000131042	10288	LILRB2	1.527551881	0.00000294
ENSG00000131055	84701	COX4I2	1.185807007	0.00015848
ENSG00000131142	6370	CCL25	-2.386669506	0.000000772
ENSG00000131203	3620	IDO1	3.580455253	0.000000000000000211
ENSG00000131386	117248	GALNT15	1.256131666	0.000385261
ENSG00000131459	9945	GFPT2	1.319620514	0.000478323
ENSG00000131482	2538	G6PC	-5.049833226	0.00000000000000000158
ENSG00000131730	1160	CKMT2	-0.764610335	0.007827379
ENSG00000131910	8431	NR0B2	-1.220593374	0.000121474
ENSG00000132000	79883	PODNL1	0.60730272	0.005461488
ENSG00000132274	10346	TRIM22	0.786385173	0.0000642
ENSG00000132357	84674	CARD6	0.654450279	0.001922877
ENSG00000132517	55065	SLC52A1	-1.176244023	0.000765317
ENSG00000132530	54739	XAF1	0.616876211	0.000782422
ENSG00000132622	116835	HSPA12B	0.600233237	0.005197699
ENSG00000132692	63827	BCAN	-1.423171938	0.00518382
ENSG00000132874	8170	SLC14A2	-1.803301327	0.0006295
ENSG00000132970	10810	WASF3	-0.637079352	0.000563879
ENSG00000133048	1116	CHI3L1	5.965293202	0.000000000000000000000477
ENSG00000133107	7223	TRPC4	0.829024503	0.00640814
ENSG00000133246	84106	PRAM1	0.728280829	0.002295073
ENSG00000133317	85329	LGALS12	1.523062265	0.0000342
ENSG00000133636	4922	NTS	-3.381073088	0.000000000036
ENSG00000133962	79820	CATSPERB	0.86068956	0.0000557
ENSG00000133980	55237	VRTN	0.641542034	0.043985367
ENSG00000134013	4017	LOXL2	1.268729336	0.0000103
ENSG00000134028	27299	ADAMDEC1	-0.790642514	0.000964305
ENSG00000134042	83876	MRO	-2.018109278	0.000000057
ENSG00000134107	8553	BHLHE40	0.589575841	0.000653624
ENSG00000134193	83998	REG4	1.444172934	0.0000341
ENSG00000134285	51303	FKBP11	0.824298854	0.0000565
ENSG00000134317	29841	GRHL1	0.768461703	0.001124046
ENSG00000134321	91543	RSAD2	0.747270095	0.007519566
ENSG00000134339	6289	SAA2	7.254134472	0.0000000000000000000000275
ENSG00000134460	3559	IL2RA	1.297611557	0.000193061
ENSG00000134470	3601	IL15RA	0.747342068	0.000000125
ENSG00000134489	59340	HRH4	1.551327636	0.00000793
ENSG00000134668	90853	SPOCD1	1.307290941	0.0000139
ENSG00000134757	1830	DSG3	1.214146944	0.005674816
ENSG00000134802	29015	SLC43A3	0.611741427	0.004600619
ENSG00000134824	9415	FADS2	0.628249749	0.038613485
ENSG00000134827	6947	TCN1	5.438060037	0.00000000000000000000426
ENSG00000134830	27202	C5AR2	0.789044082	0.00687593
ENSG00000134871	1284	COL4A2	0.831574242	0.000492872
ENSG00000135046	301	ANXA1	1.333014829	0.000000778
ENSG00000135069	29968	PSAT1	0.999853777	0.0000398
ENSG00000135097	4440	MSI1	-0.714249805	0.000297336
ENSG00000135114	8638	OASL	1.006321229	0.000468379
ENSG00000135116	8739	HRK	-0.769689364	0.01266404
ENSG00000135220	79799	UGT2A3	-0.654491443	0.034434001
ENSG00000135324	112609	MRAP2	0.698545717	0.000215109
ENSG00000135480	3855	KRT7	2.372650045	0.0000000111
ENSG00000135604	8676	STX11	1.241947267	0.0000317
ENSG00000135636	8291	DYSF	1.162445061	0.0000134
ENSG00000135744	183	AGT	0.685930457	0.029036404
ENSG00000135917	80704	SLC19A3	-0.757221054	0.000401078
ENSG00000136014	84101	USP44	-0.600700741	0.046240928
ENSG00000136048	55332	DRAM1	0.795303157	0.00022579
ENSG00000136231	10643	IGF2BP3	0.932743365	0.036434594
ENSG00000136244	3569	IL6	4.905579549	0.0000000000000268
ENSG00000136286	64005	MYO1G	0.614444955	0.014123919
ENSG00000136305	27141	CIDEB	-0.62050755	0.003398326
ENSG00000136378	11173	ADAMTS7	0.844769394	0.000643862
ENSG00000136634	3586	IL10	0.989776492	0.001205485
ENSG00000136689	3557	IL1RN	2.711847677	0.000000000656
ENSG00000136859	23452	ANGPTL2	1.498869564	0.0000048
ENSG00000136872	229	ALDOB	-3.572239927	0.000000000000311
ENSG00000137198	2766	GMPR	0.749701615	0.0000248
ENSG00000137225	11131	CAPN11	1.349593262	0.000107191
ENSG00000137261	9856	KIAA0319	0.706309094	0.001937298
ENSG00000137440	9982	FGFBP1	0.726295993	0.044833664
ENSG00000137462	7097	TLR2	1.232178981	0.0000281
ENSG00000137558	51050	PI15	1.704769842	0.000681917
ENSG00000137673	4316	MMP7	5.130717736	0.000000000000000031
ENSG00000137699	23650	TRIM29	1.463654527	0.0000144
ENSG00000137745	4322	MMP13	5.187856259	0.000000000000698
ENSG00000137752	834	CASP1	0.957090671	0.0000000645
ENSG00000137757	838	CASP5	1.690421076	0.0000000775
ENSG00000137857	53905	DUOX1	1.038307229	0.000253637
ENSG00000137877	51332	SPTBN5	0.6571794	0.004344106
ENSG00000137959	10964	IFI44L	1.131637183	0.000124634
ENSG00000137965	10561	IFI44	0.753461276	0.00032257
ENSG00000138028	10669	CGREF1	0.623137607	0.01301796
ENSG00000138030	3795	KHK	-1.72447204	0.00000000274
ENSG00000138061	1545	CYP1B1	0.771547639	0.010819179
ENSG00000138075	64240	ABCG5	-3.260769045	0.000000000613
ENSG00000138079	6519	SLC3A1	-1.289015016	0.0000531
ENSG00000138109	1559	CYP2C9	-2.554513507	0.0000000118
ENSG00000138115	1558	CYP2C8	-0.944409861	0.022428054
ENSG00000138135	9023	CH25H	0.73712941	0.005267697
ENSG00000138166	1847	DUSP5	0.647437856	0.003667105
ENSG00000138308	84647	PLA2G12B	-0.751202858	0.025376517
ENSG00000138356	316	AOX1	1.494167609	0.0000926
ENSG00000138496	83666	PARP9	0.853062757	0.000000059
ENSG00000138669	5593	PRKG2	-1.344231151	0.0000177
ENSG00000138755	4283	CXCL9	3.02580949	0.0000000000477
ENSG00000138759	80144	FRAS1	-0.580062179	0.015719769
ENSG00000138792	2028	ENPEP	-3.957440324	0.000000000000000000912
ENSG00000138823	4547	MTTP	-4.085522347	0.0000000000000011
ENSG00000139055	121506	ERP27	0.663322123	0.013800796
ENSG00000139144	5288	PIK3C2G	-0.716530761	0.035004326
ENSG00000139209	55089	SLC38A4	-2.103421957	0.00000249
ENSG00000139289	22822	PHLDA1	0.910306091	0.000226629
ENSG00000139329	4060	LUM	0.724452093	0.010464974
ENSG00000139572	53831	GPR84	2.493924912	0.000000123
ENSG00000139890	161253	REM2	0.646711282	0.01270401
ENSG00000140057	122481	AK7	0.598633549	0.000220499
ENSG00000140254	90527	DUOXA1	1.378524896	0.000121753
ENSG00000140274	405753	DUOXA2	5.878664893	0.000000000000000000000376
ENSG00000140279	50506	DUOX2	3.226138297	0.0000000012
ENSG00000140285	2252	FGF7	0.889931719	0.006526279
ENSG00000140379	597	BCL2A1	1.735150223	0.00000417
ENSG00000140511	145864	HAPLN3	1.993630603	0.000000173
ENSG00000140678	3687	ITGAX	1.144245504	0.000948843
ENSG00000140749	10261	IGSF6	0.857475274	0.000517015
ENSG00000140853	84166	NLRC5	0.847011884	0.000000232
ENSG00000140859	3801	KIFC3	0.644247489	0.009350974
ENSG00000140932	146225	CMTM2	4.600724628	0.000000000000108
ENSG00000141338	10351	ABCA8	-0.638069949	0.045391111
ENSG00000141431	80816	ASXL3	-0.824331958	0.0000651
ENSG00000141433	116	ADCYAP1	1.386320905	0.005131289
ENSG00000141434	4225	MEP1B	-3.88966377	0.0000000000000208
ENSG00000141449	80000	GREB1L	-1.545589628	0.00000306
ENSG00000141497	84225	ZMYND15	0.698287718	0.000159765
ENSG00000141505	432	ASGR1	0.651129375	0.001722015
ENSG00000141527	79092	CARD14	1.749722994	0.000000113
ENSG00000141668	147381	CBLN2	-0.714505033	0.00444066
ENSG00000141756	60681	FKBP10	0.621174464	0.007478684
ENSG00000142089	10410	IFITM3	1.008610577	0.00000339
ENSG00000142156	1291	COL6A1	0.754781466	0.004400728
ENSG00000142224	29949	IL19	2.321851093	0.00000683
ENSG00000142347	4542	MYO1F	0.770084207	0.000625829
ENSG00000142405	91662	NLRP12	2.703980497	0.000000000733
ENSG00000142748	8547	FCN3	3.398671375	0.000000000122
ENSG00000143171	6258	RXRG	-0.641830825	0.007062758
ENSG00000143226	2212	FCGR2A	0.935251692	0.004466673
ENSG00000143248	8490	RGS5	1.146664428	0.0000117
ENSG00000143257	9970	NR1I3	-3.844730698	0.000000000245
ENSG00000143297	83416	FCRL5	0.848137301	0.022273248
ENSG00000143320	1382	CRABP2	2.051552386	0.00000228
ENSG00000143333	6004	RGS16	1.075081144	0.000773716
ENSG00000143387	1513	CTSK	1.107883189	0.000186668
ENSG00000143546	6279	S100A8	5.665999243	0.0000000000000000000000079
ENSG00000143556	6278	S100A7	7.528088582	0.000000027
ENSG00000143603	3782	KCNN3	0.597461184	0.017550416
ENSG00000143627	5313	PKLR	-1.704851184	0.00000571
ENSG00000143858	127833	SYT2	-0.953402804	0.0000571
ENSG00000143921	64241	ABCG8	-3.06478552	0.00000000021
ENSG00000143954	130120	REG3G	-2.693842202	0.00000112
ENSG00000144035	9027	NAT8	-3.395598501	0.00000000152
ENSG00000144278	114805	GALNT13	-2.226481192	0.000000000274
ENSG00000144410	130749	CPO	-4.426251515	0.0000000000000000191
ENSG00000144452	26154	ABCA12	4.402034341	0.0000000000000207
ENSG00000144619	152330	CNTN4	-0.656366807	0.000648603
ENSG00000144802	64332	NFKBIZ	1.30981294	0.00000000283
ENSG00000144810	1295	COL8A1	2.031555327	0.00000814
ENSG00000144837	51365	PLA1A	1.289365124	0.0000477
ENSG00000144847	152404	IGSF11	-0.586087076	0.026498212
ENSG00000145287	51316	PLAC8	0.583880257	0.0057618
ENSG00000145423	6423	SFRP2	1.958617803	0.000161584
ENSG00000145623	9180	OSMR	0.782583388	0.003801544
ENSG00000145626	133688	UGT3A1	-4.369645552	0.0000000000415
ENSG00000145832	153328	SLC25A48	0.77812542	0.0000469
ENSG00000146006	26045	LRRTM2	0.653322932	0.00874152
ENSG00000146070	7941	PLA2G7	0.808111857	0.004942699
ENSG00000146094	79930	DOK3	0.611477894	0.048320006
ENSG00000146477	6581	SLC22A3	-0.678199559	0.00736135
ENSG00000146592	9586	CREB5	1.076641371	0.000398255
ENSG00000147408	55790	CSGALNACT1	1.049145439	0.000528288
ENSG00000147443	9046	DOK2	0.604369767	0.00245631
ENSG00000147570	85479	DNAJC5B	0.645308388	0.029653635
ENSG00000147689	84985	FAM83A	3.301614254	0.00000000000922
ENSG00000148175	2040	STOM	0.873273629	0.0000219
ENSG00000148344	9536	PTGES	1.292638857	0.00000862
ENSG00000148346	3934	LCN2	2.679624844	0.00000000158
ENSG00000148357	256158	HMCN2	0.665945571	0.000820252
ENSG00000148671	10974	ADIRF	-0.847467888	0.000817118
ENSG00000148734	64106	NPFFR1	0.92055404	0.014192009
ENSG00000148848	8038	ADAM12	2.097192182	0.00000032
ENSG00000148926	133	ADM	1.178463154	0.0000145
ENSG00000148942	159963	SLC5A12	-3.283088592	0.000000000000142
ENSG00000149089	51074	APIP	0.715659919	0.0000167
ENSG00000149131	710	SERPING1	0.583403058	0.019502519
ENSG00000149256	26011	TENM4	0.711115042	0.0310974
ENSG00000149380	283208	P4HA3	2.165005452	0.0000000792
ENSG00000149451	80332	ADAM33	0.677361861	0.013547617
ENSG00000149485	3992	FADS1	1.023308317	0.000184947
ENSG00000149582	84866	TMEM25	-0.803027413	0.000162224
ENSG00000149798	10435	CDC42EP2	0.743364774	0.000594258
ENSG00000149968	4314	MMP3	6.684522602	0.0000000000000000000000036
ENSG00000150048	51267	CLEC1A	0.609792187	0.007629883
ENSG00000150337	2209	FCGR1A	2.136159248	0.0000000422
ENSG00000150551	116372	LYPD1	2.305588681	0.0000112
ENSG00000150893	341640	FREM2	-0.777846848	0.003142464
ENSG00000150977	196383	RILPL2	0.641277625	0.001557349
ENSG00000151012	23657	SLC7A11	1.24678907	0.00000185
ENSG00000151023	219670	ENKUR	2.127551383	0.00000000393
ENSG00000151067	775	CACNA1C	0.674731358	0.001216428
ENSG00000151388	81792	ADAMTS12	1.509947598	0.00000491
ENSG00000151468	83643	CCDC3	1.052376964	0.000257054
ENSG00000151617	1909	EDNRA	0.944477654	0.001872974
ENSG00000151651	101	ADAM8	1.087555057	0.000134901
ENSG00000151726	2180	ACSL1	0.880715807	0.000877364
ENSG00000151789	79750	ZNF385D	0.718313112	0.010819508
ENSG00000151790	6999	TDO2	2.322206148	0.0000000309
ENSG00000151892	2674	GFRA1	-0.593071948	0.01836157
ENSG00000151948	144423	GLT1D1	2.832966334	0.0000000469
ENSG00000152049	23704	KCNE4	0.629726996	0.001894535
ENSG00000152207	57105	CYSLTR2	0.689775966	0.003099882
ENSG00000152578	2893	GRIA4	-0.717002172	0.004307795
ENSG00000152580	285313	IGSF10	-0.678904537	0.001336425
ENSG00000152669	10309	CCNO	1.222116592	0.001019586
ENSG00000152766	118932	ANKRD22	0.830572297	0.004075998
ENSG00000152969	152789	JAKMIP1	1.111046492	0.000707511
ENSG00000153234	4929	NR4A2	0.747492639	0.004011172
ENSG00000153395	79888	LPCAT1	0.984808787	0.00000136
ENSG00000153789	339145	FAM92B	1.827944804	0.0000258
ENSG00000153923	9629	CLCA3P	1.628022222	0.000652581
ENSG00000154096	7070	THY1	0.99036941	0.001657263
ENSG00000154133	54538	ROBO4	0.630238817	0.00292906
ENSG00000154451	115362	GBP5	2.152159867	0.00000000361
ENSG00000154589	23643	LY96	0.635699254	0.010760279
ENSG00000154646	5651	TMPRSS15	-3.580265749	0.000000000468
ENSG00000154917	51560	RAB6B	-0.622644136	0.016625127
ENSG00000154928	2047	EPHB1	1.466743266	0.00000765
ENSG00000156127	10538	BATF	1.040994403	0.001126933
ENSG00000156219	419	ART3	0.921407277	0.005534694
ENSG00000156222	9154	SLC28A1	-4.348432685	0.000000000000000113
ENSG00000156587	9246	UBE2L6	1.135294577	0.000000000604
ENSG00000156687	137970	UNC5D	-0.889203591	0.001157239
ENSG00000157193	7804	LRP8	1.086206805	0.0000214
ENSG00000157551	3772	KCNJ15	4.987976834	0.0000000000000000215
ENSG00000157765	10568	SLC34A2	-3.033784447	0.000000015
ENSG00000158014	7780	SLC30A2	-0.730113003	0.033469643
ENSG00000158023	144406	WDR66	1.294766369	0.00000113
ENSG00000158055	57822	GRHL3	2.035447987	0.00000000118
ENSG00000158089	79623	GALNT14	-0.834117206	0.016190471
ENSG00000158125	7498	XDH	0.654958068	0.006049939
ENSG00000158186	22808	MRAS	0.689008455	0.002839839
ENSG00000158485	910	CD1B	1.557758981	0.0000813
ENSG00000158516	1358	CPA2	-1.158391281	0.001859621
ENSG00000158714	56833	SLAMF8	0.921564837	0.0003283
ENSG00000158764	142683	ITLN2	-1.365961354	0.013696126
ENSG00000158859	9507	ADAMTS4	2.827589563	0.000000000265
ENSG00000158865	115584	SLC5A11	-1.513470307	0.00012748
ENSG00000158869	2207	FCER1G	0.684519194	0.004768815
ENSG00000159167	6781	STC1	2.474380172	0.0000000054
ENSG00000159231	874	CBR3	0.882082591	0.000178199
ENSG00000159337	283748	PLA2G4D	1.039468835	0.000265428
ENSG00000159339	23569	PADI4	1.693838655	0.0000312
ENSG00000159399	3099	HK2	0.719075259	0.010667464
ENSG00000159403	715	C1R	0.670365331	0.008204779
ENSG00000159640	1636	ACE	-1.135148997	0.0000806
ENSG00000159871	284348	LYPD5	2.255598901	0.0000000000877
ENSG00000160013	5739	PTGIR	1.110776114	0.000594156
ENSG00000160182	7031	TFF1	1.001963667	0.001610902
ENSG00000160183	64699	TMPRSS3	0.787075931	0.001099626
ENSG00000160200	875	CBS	-0.598883206	0.032765785
ENSG00000160255	3689	ITGB2	0.728685388	0.004057415
ENSG00000160326	11182	SLC2A6	0.695871013	0.029736551
ENSG00000160469	84446	BRSK1	0.610014683	0.01134106
ENSG00000160791	1234	CCR5	0.676503338	0.000533124
ENSG00000160862	563	AZGP1	1.021093937	0.000224335
ENSG00000160868	1576	CYP3A4	-3.168744371	0.000000000000971
ENSG00000160870	1551	CYP3A7	-0.83771497	0.006540112
ENSG00000160883	3101	HK3	1.854496926	0.00000000288
ENSG00000160932	4061	LY6E	0.667164212	0.002407119
ENSG00000161638	3678	ITGA5	1.226952783	0.0000119
ENSG00000161905	246	ALOX15	0.908338248	0.004150075
ENSG00000161944	433	ASGR2	0.647389305	0.033096571
ENSG00000162078	124220	ZG16B	1.12796046	0.000000421
ENSG00000162267	3699	ITIH3	-1.927873046	0.0000437
ENSG00000162366	10158	PDZK1IP1	1.335105429	0.0000186
ENSG00000162391	338094	FAM151A	-1.865805679	0.0000228
ENSG00000162493	10630	PDPN	2.260289019	0.00000000311
ENSG00000162551	249	ALPL	1.810813471	0.000000972
ENSG00000162645	2634	GBP2	0.883662668	0.0000000601
ENSG00000162654	115361	GBP4	1.414812035	0.000000278
ENSG00000162711	114548	NLRP3	0.634368237	0.014989198
ENSG00000162745	25903	OLFML2B	1.27733146	0.0000756
ENSG00000162747	2215	FCGR3B	6.236780383	0.000000000000000000000000224
ENSG00000162769	28982	FLVCR1	-0.917309033	0.0000574
ENSG00000162772	467	ATF3	0.855892421	0.010078087
ENSG00000162849	55083	KIF26B	1.32045039	0.0000486
ENSG00000162892	11009	IL24	8.781367614	0.00000000000000024
ENSG00000162951	347730	LRRTM1	-0.938334253	0.000254914
ENSG00000162989	3760	KCNJ3	-1.111990215	0.000128725
ENSG00000163017	72	ACTG2	0.757514253	0.012650061
ENSG00000163032	7447	VSNL1	1.021576028	0.005409627
ENSG00000163053	151473	SLC16A14	0.934311739	0.0000255
ENSG00000163083	3625	INHBB	0.838263779	0.005080626
ENSG00000163191	6282	S100A11	0.651030762	0.000761321
ENSG00000163220	6280	S100A9	4.475598969	0.00000000000000000115
ENSG00000163221	6283	S100A12	5.655066465	0.000000000000249
ENSG00000163295	248	ALPI	-0.704751297	0.016296602
ENSG00000163347	9076	CLDN1	1.037803911	0.001263074
ENSG00000163359	1293	COL6A3	1.354391806	0.0000063
ENSG00000163421	60675	PROK2	5.801674575	0.00000000000000000135
ENSG00000163430	11167	FSTL1	0.672408576	0.004894841
ENSG00000163464	3577	CXCR1	6.020850196	0.00000000000000000000648
ENSG00000163485	134	ADORA1	0.682212719	0.009307615
ENSG00000163563	4332	MNDA	1.571530622	0.00000606
ENSG00000163581	6514	SLC2A2	-4.88127305	0.000000000000000000274
ENSG00000163599	1493	CTLA4	1.07993265	0.006895267
ENSG00000163600	29851	ICOS	0.673941217	0.04351832
ENSG00000163638	56999	ADAMTS9	0.776014663	0.001323837
ENSG00000163734	2921	CXCL3	2.94180795	0.00000000000279
ENSG00000163735	6374	CXCL5	5.85927067	0.000000000000000000000103
ENSG00000163737	5196	PF4	1.82802855	0.00000292
ENSG00000163739	2919	CXCL1	3.858015053	0.0000000000000000055
ENSG00000163803	151056	PLB1	-1.32170565	0.0000334
ENSG00000163823	1230	CCR1	1.074189351	0.0000832
ENSG00000163874	80149	ZC3H12A	1.656081277	0.000000000641
ENSG00000163959	200931	SLC51A	-1.254979423	0.005789646
ENSG00000163993	6286	S100P	0.878812195	0.003720833
ENSG00000164220	2151	F2RL2	0.862658573	0.007523934
ENSG00000164283	11082	ESM1	1.254838858	0.001068263
ENSG00000164294	493869	GPX8	0.670139982	0.001384788
ENSG00000164308	64167	ERAP2	1.262094938	0.000563972
ENSG00000164379	94234	FOXQ1	1.513733862	0.000131184
ENSG00000164400	1437	CSF2	4.086979261	0.0000000000105
ENSG00000164406	116842	LEAP2	-0.688845973	0.016008174
ENSG00000164418	2898	GRIK2	-0.840050257	0.000888248
ENSG00000164488	168002	DACT2	-0.75911934	0.008030084
ENSG00000164509	133396	IL31RA	1.205783597	0.002562119
ENSG00000164690	6469	SHH	0.815744874	0.001661785
ENSG00000164691	117289	TAGAP	0.81339337	0.007233218
ENSG00000164692	1278	COL1A2	1.067382284	0.000434544
ENSG00000164756	169026	SLC30A8	-1.026077443	0.002099077
ENSG00000164761	4982	TNFRSF11B	0.926677286	0.000590922
ENSG00000164816	1670	DEFA5	-1.559585751	0.001794845
ENSG00000164822	1671	DEFA6	-1.500695297	0.003355454
ENSG00000164932	115908	CTHRC1	2.16307835	0.0000000367
ENSG00000164946	158326	FREM1	-1.255727533	0.000011
ENSG00000165023	54769	DIRAS2	-1.261352662	0.001500123
ENSG00000165188	138065	RNF183	1.584026564	0.000000964
ENSG00000165409	7253	TSHR	0.712950613	0.013290645
ENSG00000165443	84457	PHYHIPL	-2.532736782	0.00000000000116
ENSG00000165841	1557	CYP2C19	-1.846264936	0.00000193
ENSG00000165886	80019	UBTD1	0.757973402	0.000791124
ENSG00000166073	11245	GPR176	0.943992711	0.003060975
ENSG00000166147	2200	FBN1	0.631036618	0.017120122
ENSG00000166183	374569	ASPG	-0.852789044	0.019185561
ENSG00000166206	2562	GABRB3	-0.788806333	0.012562581
ENSG00000166268	196446	MYRFL	-2.14744073	0.000000256
ENSG00000166278	717	C2	1.246767661	0.000000273
ENSG00000166289	79156	PLEKHF1	0.59769003	0.001678225
ENSG00000166396	8710	SERPINB7	8.554068427	0.0000000000000000000000000055
ENSG00000166426	1381	CRABP1	-1.127522764	0.0041576
ENSG00000166523	26253	CLEC4E	3.55124888	0.00000000000379
ENSG00000166527	338339	CLEC4D	4.041821699	0.00000000082
ENSG00000166670	4319	MMP10	5.278035514	0.00000000000000000038
ENSG00000166741	4837	NNMT	1.363850749	0.0000712
ENSG00000166743	116285	ACSM1	0.580879182	0.044668661
ENSG00000166825	290	ANPEP	-1.468645469	0.00000992
ENSG00000166840	92292	GLYATL1	1.631437215	0.00000347
ENSG00000166923	26585	GREM1	0.943965732	0.01859543
ENSG00000166959	83661	MS4A8	-0.857688907	0.00168564
ENSG00000167077	150365	MEI1	0.698012633	0.007505129
ENSG00000167157	51450	PRRX2	1.137443869	0.000579305
ENSG00000167207	64127	NOD2	0.738872155	0.007396823
ENSG00000167208	124460	SNX20	0.626504122	0.028754148
ENSG00000167476	126306	JSRP1	1.336752009	0.000263254
ENSG00000167508	4597	MVD	0.687532351	0.00000949
ENSG00000167550	121268	RHEBL1	0.913285484	0.00021075
ENSG00000167588	2819	GPD1	-1.745956026	0.0000000343
ENSG00000167618	3904	LAIR2	1.295330767	0.001240039
ENSG00000167634	199713	NLRP7	1.298366778	0.000810676
ENSG00000167656	8581	LY6D	6.941937613	0.00000000000128
ENSG00000167680	10501	SEMA6B	0.635290135	0.007429734
ENSG00000167755	5653	KLK6	6.876258734	0.00000000537
ENSG00000167757	11012	KLK11	0.826399575	0.001005614
ENSG00000167767	144501	KRT80	3.011901368	0.000000000000648
ENSG00000167772	51129	ANGPTL4	1.524431668	0.0000626
ENSG00000167780	8435	SOAT2	-3.534014528	0.00000000000193
ENSG00000167850	10871	CD300C	0.650058494	0.00715675
ENSG00000167995	7439	BEST1	0.624195799	0.011988955
ENSG00000168032	956	ENTPD3	1.143997953	0.000324483
ENSG00000168060	10004	NAALADL1	-1.215913115	0.000199997
ENSG00000168062	116071	BATF2	0.970729973	0.00000722
ENSG00000168071	283234	CCDC88B	0.715682639	0.000241806
ENSG00000168140	114990	VASN	1.156097637	0.000181808
ENSG00000168243	2786	GNG4	-0.743671833	0.004975154
ENSG00000168280	3800	KIF5C	-0.599970598	0.012640533
ENSG00000168394	6890	TAP1	0.982946301	0.00000000865
ENSG00000168412	4543	MTNR1A	0.93631852	0.000480253
ENSG00000168461	11031	RAB31	0.815977024	0.000275032
ENSG00000168542	1281	COL3A1	0.866027255	0.004120472
ENSG00000168679	9122	SLC16A4	-0.806507046	0.008506212
ENSG00000168685	3575	IL7R	0.825086802	0.005621386
ENSG00000168899	10791	VAMP5	0.787825741	0.0000176
ENSG00000168917	80723	SLC35G2	0.707881184	0.005138901
ENSG00000169035	5650	KLK7	3.685910096	0.002630765
ENSG00000169169	126129	CPT1C	0.728570133	0.008235076
ENSG00000169174	255738	PCSK9	1.941762626	0.000000000149
ENSG00000169245	3627	CXCL10	3.066061578	0.000000000000809
ENSG00000169248	6373	CXCL11	3.670515175	0.00000000000000561
ENSG00000169385	6036	RNASE2	1.588309664	0.000731028
ENSG00000169403	5724	PTAFR	1.032407528	0.000081
ENSG00000169436	169044	COL22A1	0.833875695	0.038641218
ENSG00000169469	6699	SPRR1B	4.58320232	0.000269061
ENSG00000169495	203100	HTRA4	1.282334423	0.001214708
ENSG00000169876	140453	MUC17	-0.991519709	0.001281556
ENSG00000169884	7480	WNT10B	0.594571215	0.044083415
ENSG00000169903	7104	TM4SF4	-4.002374836	0.0000000000000000377
ENSG00000169908	4071	TM4SF1	1.05956888	0.0000228
ENSG00000170231	2172	FABP6	-4.373534516	0.000000000000144
ENSG00000170381	9723	SEMA3E	-0.598199718	0.03853632
ENSG00000170382	10446	LRRN2	-0.651439871	0.042547153
ENSG00000170476	51237	MZB1	1.105954649	0.001188668
ENSG00000170482	9963	SLC23A1	-2.204316919	0.000000000145
ENSG00000170525	5209	PFKFB3	1.156024339	0.0000169
ENSG00000170542	5272	SERPINB9	0.631098655	0.02273184
ENSG00000170745	3790	KCNS3	0.694116077	0.004641394
ENSG00000170801	94031	HTRA3	1.139319414	0.000232607
ENSG00000170909	126014	OSCAR	1.139975938	0.000142088
ENSG00000171049	2358	FPR2	5.673773413	0.00000000000000000000371
ENSG00000171051	2357	FPR1	4.057000013	0.000000000000000277
ENSG00000171223	3726	JUNB	0.783563319	0.001031246
ENSG00000171234	7364	UGT2B7	-0.817795166	0.002705818
ENSG00000171236	116844	LRG1	0.866399773	0.000696795
ENSG00000171241	79801	SHCBP1	0.601061034	0.005238714
ENSG00000171310	50515	CHST11	0.591479055	0.015414004
ENSG00000171368	11076	TPPP	-0.796464675	0.002993157
ENSG00000171385	3752	KCND3	1.844561651	0.00000000102
ENSG00000171388	8862	APLN	1.843126153	0.000000000427
ENSG00000171502	255631	COL24A1	1.07423672	0.002421266
ENSG00000171517	23566	LPAR3	0.598178012	0.040162652
ENSG00000171631	5031	P2RY6	0.607247761	0.006557338
ENSG00000171711	1673	DEFB4A	8.993504093	0.000000000000000000186
ENSG00000171766	2628	GATM	-0.91294543	0.0000961
ENSG00000171777	115727	RASGRP4	0.728899613	0.003435192
ENSG00000172016	5068	REG3A	-1.992242836	0.0000586
ENSG00000172156	6356	CCL11	2.32372368	0.00000000151
ENSG00000172183	3669	ISG20	0.939468241	0.00000489
ENSG00000172215	10663	CXCR6	0.870940471	0.0000402
ENSG00000172216	1051	CEBPB	0.693711247	0.002155106
ENSG00000172243	64581	CLEC7A	0.862195794	0.000577561
ENSG00000172322	160364	CLEC12A	1.568595124	0.00000029
ENSG00000172425	143941	TTC36	-2.677107996	0.000000445
ENSG00000172497	134526	ACOT12	-3.080980831	0.00000000996
ENSG00000172602	27289	RND1	2.372447781	0.00000000000401
ENSG00000172689	341116	MS4A10	-3.820870641	0.00000000000000105
ENSG00000172782	283985	FADS6	-1.559231338	0.000498114
ENSG00000172803	254122	SNX32	-0.888845996	0.0000984
ENSG00000172817	9420	CYP7B1	1.037507348	0.001491392
ENSG00000172867	3849	KRT2	1.419116504	0.0000247
ENSG00000172889	51162	EGFL7	0.604830661	0.005873964
ENSG00000172927	26579	MYEOV	1.806969473	0.00000562
ENSG00000172935	116535	MRGPRF	0.616132502	0.023711014
ENSG00000173077	50514	Dec-01	-0.610298695	0.04735859
ENSG00000173110	3310	HSPA6	0.838020345	0.008105724
ENSG00000173221	2745	GLRX	0.591469195	0.001029334
ENSG00000173227	91683	SYT12	1.606178708	0.0001401
ENSG00000173391	4973	OLR1	1.433636616	0.000234783
ENSG00000173406	1600	DAB1	-2.518941955	0.00000000108
ENSG00000173432	6288	SAA1	7.450411971	0.00000000000000000000000000000142
ENSG00000173535	8794	TNFRSF10C	2.287593803	0.0000000142
ENSG00000173585	10803	CCR9	-0.931125143	0.00044264
ENSG00000173641	27129	HSPB7	0.785950213	0.006668612
ENSG00000173826	81033	KCNH6	-1.023271338	0.000671346
ENSG00000173894	84733	CBX2	0.630132546	0.006802833
ENSG00000174175	6403	SELP	1.573185467	0.00000639
ENSG00000174358	340024	SLC6A19	-1.126082173	0.006308839
ENSG00000174473	442117	GALNTL6	0.814095559	0.030479311
ENSG00000174567	127845	GOLT1A	-0.916439028	0.000140686
ENSG00000174640	80111	C3orf36	0.696677066	0.013980212
ENSG00000174776	151790	WDR49	-1.292197682	0.001537545
ENSG00000174807	57124	CD248	0.611344324	0.020784489
ENSG00000174827	5174	PDZK1	-1.365224577	0.000952073
ENSG00000174885	171389	NLRP6	-1.747886464	0.000000592
ENSG00000174946	29909	GPR171	0.688396769	0.000771343
ENSG00000175040	9435	CHST2	0.919931906	0.001213007
ENSG00000175352	56675	NRIP3	0.617676829	0.028722047
ENSG00000175356	57758	SCUBE2	-0.605356929	0.00473451
ENSG00000175592	8061	FOSL1	1.858040644	0.0000604
ENSG00000176014	84617	TUBB6	0.58609452	0.006668673
ENSG00000176170	8877	SPHK1	1.460682202	0.00000446
ENSG00000176171	664	BNIP3	0.586748761	0.003548961
ENSG00000176399	63951	DMRTA1	-0.896424325	0.001451962
ENSG00000176928	51301	GCNT4	-1.2899643	0.00000976
ENSG00000176971	387758	FIBIN	1.540599239	0.0000778
ENSG00000177409	219285	SAMD9L	1.0800929	0.0000000246
ENSG00000177464	2828	GPR4	1.212562975	0.000180187
ENSG00000177807	3766	KCNJ10	1.530752397	0.000529303
ENSG00000177989	440836	ODF3B	1.273855342	0.000000439
ENSG00000178573	4094	MAF	-0.599468024	0.009124137
ENSG00000178726	7056	THBD	0.812307381	0.001805988
ENSG00000178860	9242	MSC	0.934328139	0.00157732
ENSG00000179344	3119	HLA-DQB1	0.584163268	0.030276167
ENSG00000179388	1960	EGR3	1.075362525	0.001455392
ENSG00000179403	64856	VWA1	0.706779187	0.000340757
ENSG00000179431	24147	FJX1	1.301364108	0.000198512
ENSG00000179520	246213	SLC17A8	-2.068445142	0.0000000248
ENSG00000179546	3352	HTR1D	-1.197072796	0.00233534
ENSG00000179583	4261	CIITA	0.667387183	0.004930672
ENSG00000179639	2205	FCER1A	-0.674598586	0.007023562
ENSG00000179776	1003	CDH5	0.736738312	0.000656878
ENSG00000179914	55600	ITLN1	0.587668005	0.038887695
ENSG00000179915	9378	NRXN1	-0.69213129	0.000622516
ENSG00000179934	1237	CCR8	1.190584648	0.00243051
ENSG00000180447	2619	GAS1	2.99343778	0.00000000273
ENSG00000180535	168620	BHLHA15	0.984974905	0.00088987
ENSG00000180549	2529	FUT7	1.0244906	0.004984476
ENSG00000180616	6752	SSTR2	-0.655702207	0.004366133
ENSG00000180644	5551	PRF1	0.928235415	0.0000135
ENSG00000180828	27319	BHLHE22	1.05979657	0.002056966
ENSG00000180871	3579	CXCR2	4.411663509	0.0000000000000000618
ENSG00000180999	92346	C1orf105	-1.686229029	0.000214607
ENSG00000181374	6357	CCL13	0.759158794	0.035310183
ENSG00000181458	55076	TMEM45A	0.666708438	0.00902808
ENSG00000181577	221416	C6orf223	3.178889298	0.0000000000000000118
ENSG00000181631	53829	P2RY13	0.716602169	0.005465699
ENSG00000181778	169693	TMEM252	-3.656250646	0.00000000000662
ENSG00000182022	51363	CHST15	0.583770561	0.016144652
ENSG00000182156	339221	ENPP7	-2.753119288	0.0000000516
ENSG00000182240	25825	BACE2	0.863626856	0.00000172
ENSG00000182492	633	BGN	1.612835209	0.00000223
ENSG00000182752	5069	PAPPA	0.765761979	0.008650481
ENSG00000182782	338442	HCAR2	5.03500767	0.000000000000000000000462
ENSG00000182853	284013	VMO1	0.716356203	0.00968688
ENSG00000182871	80781	COL18A1	1.04509572	0.000270844
ENSG00000182938	347741	OTOP3	-0.980327718	0.024427719
ENSG00000182963	10052	GJC1	0.917442216	0.002267626
ENSG00000183018	124976	SPNS2	1.034817835	0.0000157
ENSG00000183153	125111	GJD3	0.945921114	0.000255752
ENSG00000183484	29933	GPR132	0.691284278	0.008132882
ENSG00000183615	84734	FAM167B	1.105297274	0.00000445
ENSG00000183625	1232	CCR3	1.43032435	0.0000134
ENSG00000184144	6900	CNTN2	-0.67946171	0.018339144
ENSG00000184292	4070	TACSTD2	1.469514561	0.0000105
ENSG00000184368	256714	MAP7D2	-0.706129202	0.00275123
ENSG00000184374	10584	COLEC10	0.837451488	0.020817348
ENSG00000184451	2826	CCR10	0.695653002	0.037095363
ENSG00000184489	11156	PTP4A3	0.94811769	0.000184396
ENSG00000184497	348013	TMEM255B	1.100769629	0.0000234
ENSG00000184557	9021	SOCS3	2.790660991	0.000000000000323
ENSG00000184588	5142	PDE4B	1.212646996	0.0000918
ENSG00000184613	4753	NELL2	-0.940791938	0.000389934
ENSG00000184838	51334	PRR16	0.91988588	0.002437133
ENSG00000184922	752	FMNL1	0.598819399	0.021462471
ENSG00000184979	11274	USP18	0.601819882	0.0000863
ENSG00000184985	57537	SORCS2	0.797420981	0.003345259
ENSG00000185022	23764	MAFF	0.969332352	0.0000814
ENSG00000185201	10581	IFITM2	1.06103647	0.0000114
ENSG00000185215	7127	TNFAIP2	0.972575334	0.00037851
ENSG00000185338	8651	SOCS1	1.539970315	0.00000173
ENSG00000185386	5600	MAPK11	0.811720951	0.001488687
ENSG00000185479	3854	KRT6B	4.334362647	0.000000752
ENSG00000185633	56901	NDUFA4L2	0.707113583	0.00879504
ENSG00000185880	140691	TRIM69	0.861092825	0.000000037
ENSG00000185885	8519	IFITM1	0.942238705	0.00000796
ENSG00000185985	84631	SLITRK2	-0.770873302	0.00358507
ENSG00000186074	146722	CD300LF	0.66419026	0.001380741
ENSG00000186115	8529	CYP4F2	-2.7208317	0.000000000247
ENSG00000186340	7058	THBS2	3.205862224	0.0000000000453
ENSG00000186377	260293	CYP4X1	0.811352721	0.000116353
ENSG00000186407	342510	CD300E	4.863953409	0.000000000000000223
ENSG00000186431	2204	FCAR	6.053306634	0.000000000000000378
ENSG00000186462	4674	NAP1L2	-0.770965423	0.000170668
ENSG00000186474	43849	KLK12	1.025019022	0.001543523
ENSG00000186480	3638	INSIG1	0.706486193	0.00000947
ENSG00000186818	11006	LILRB4	1.166740988	0.000420714
ENSG00000186827	7293	TNFRSF4	1.000714806	0.003401952
ENSG00000186891	8784	TNFRSF18	0.713310518	0.016065685
ENSG00000187037	353345	GPR141	0.680098629	0.010936951
ENSG00000187116	353514	LILRA5	2.375901137	0.0000000092
ENSG00000187258	387129	NPSR1	4.144457135	0.000000277
ENSG00000187479	387763	C11orf96	0.716720657	0.007535466
ENSG00000187498	1282	COL4A1	1.416357441	0.00000159
ENSG00000187513	2701	GJA4	0.871156207	0.003555514
ENSG00000187546	392636	AGMO	-1.128701767	0.000520515
ENSG00000187583	84069	PLEKHN1	1.48380975	0.000000681
ENSG00000187608	9636	ISG15	0.745613783	0.002982261
ENSG00000187908	1755	DMBT1	2.273289263	0.0000000452
ENSG00000187942	401944	LDLRAD2	1.034258795	0.000791504
ENSG00000188001	285386	TPRG1	0.871620659	0.0000581
ENSG00000188015	6274	S100A3	1.562486427	0.000148359
ENSG00000188130	6300	MAPK12	0.606190627	0.00291477
ENSG00000188234	119016	AGAP4	-0.6368602	0.029336379
ENSG00000188257	5320	PLA2G2A	1.498300005	0.000000016
ENSG00000188282	285180	RUFY4	1.257192211	0.0000374
ENSG00000188404	6402	SELL	0.913110935	0.035102597
ENSG00000188452	375298	CERKL	-0.904346755	0.000266828
ENSG00000188487	387755	INSC	0.942803199	0.000387182
ENSG00000188529	10772	SRSF10	0.642379779	0.009842739
ENSG00000188611	56624	ASAH2	-0.841883988	0.010219808
ENSG00000188676	169355	IDO2	1.146496741	0.00279441
ENSG00000188906	120892	LRRK2	0.883897534	0.004607279
ENSG00000189068	284415	VSTM1	1.464336753	0.0000651
ENSG00000189120	80320	SP6	0.713191451	0.00011102
ENSG00000189266	55629	PNRC2	0.726075432	0.038987078
ENSG00000189280	2709	GJB5	1.254474606	0.024755718
ENSG00000189377	284340	CXCL17	6.420002361	0.0000000000225
ENSG00000196090	11122	PTPRT	-0.639265897	0.00606427
ENSG00000196208	9687	GREB1	0.744235744	0.016421551
ENSG00000196209	284759	SIRPB2	0.664701811	0.015302071
ENSG00000196352	1604	CD55	1.491452706	0.000000288
ENSG00000196482	2104	ESRRG	-1.238787252	0.0000199
ENSG00000196511	27010	TPK1	0.732517046	0.00000151
ENSG00000196549	4311	MME	-1.848090925	0.00000118
ENSG00000196611	4312	MMP1	5.493728713	0.000000000000000000333
ENSG00000196754	6273	S100A2	1.229034459	0.0000416
ENSG00000196839	100	ADA	0.728127803	0.002716052
ENSG00000196843	10865	ARID5A	0.739951837	0.001369298
ENSG00000196923	9260	PDLIM7	0.621305883	0.001584901
ENSG00000197208	6583	SLC22A4	-0.63956817	0.006260084
ENSG00000197405	728	C5AR1	1.316765585	0.0000698
ENSG00000197408	1555	CYP2B6	-0.990633646	0.001785659
ENSG00000197410	54798	DCHS2	-0.635012513	0.012460061
ENSG00000197444	55753	OGDHL	-0.62065875	0.006571536
ENSG00000197635	1803	DPP4	-0.806288335	0.001250508
ENSG00000197646	80380	PDCD1LG2	1.114933863	0.000179245
ENSG00000197757	3223	HOXC6	-1.037450741	0.002284626
ENSG00000197977	54898	ELOVL2	1.217873823	0.001294348
ENSG00000198019	2210	FCGR1B	2.351698864	0.0000000683
ENSG00000198355	415116	PIM3	0.711461309	0.000387838
ENSG00000198523	5350	PLN	0.839923376	0.000807254
ENSG00000198535	145741	C2CD4A	2.288981366	0.00000000021
ENSG00000198569	142680	SLC34A3	-3.923011939	0.000000000000172
ENSG00000198691	24	ABCA4	-1.01942569	0.000724063
ENSG00000198759	25975	EGFL6	4.125127575	0.00000000000000321
ENSG00000198785	116443	GRIN3A	1.436633344	0.0000112
ENSG00000198829	56670	SUCNR1	1.000905099	0.0000975
ENSG00000198959	7052	TGM2	1.477736103	0.000000136
ENSG00000203747	2214	FCGR3A	1.92116487	0.000000191
ENSG00000203857	3283	HSD3B1	-1.927081459	0.0000061
ENSG00000203883	54345	SOX18	1.018201288	0.000686096
ENSG00000204131	340527	NHSL2	0.606481906	0.027279126
ENSG00000204262	1290	COL5A2	0.897965376	0.001819858
ENSG00000204267	6891	TAP2	0.757088423	0.0000000198
ENSG00000204290	56244	BTNL2	-3.33911948	0.0000000506
ENSG00000204291	1306	COL15A1	0.854404318	0.003589755
ENSG00000204301	4855	NOTCH4	0.60685751	0.003154921
ENSG00000204397	114769	CARD16	0.646239437	0.000018
ENSG00000204482	7940	LST1	0.739987452	0.000711369
ENSG00000204516	4277	MICB	0.670142763	0.00170448
ENSG00000204577	11025	LILRB3	2.07763742	0.00000432
ENSG00000204610	89870	TRIM15	0.680640086	0.003019234
ENSG00000204614	135644	TRIM40	1.423556022	0.00019859
ENSG00000204642	3134	HLA-F	0.855914738	0.00000121
ENSG00000204839	642475	MROH6	0.733980385	0.000127063
ENSG00000205403	3426	CFI	1.177561139	0.0000729
ENSG00000205413	54809	SAMD9	0.595113343	0.0000727
ENSG00000205420	3853	KRT6A	6.45510052	0.0000000473
ENSG00000205502	388125	C2CD4B	1.242119362	0.0000175
ENSG00000205609	728689	EIF3CL	0.619377039	0.016941025
ENSG00000205846	93978	CLEC6A	3.424311152	0.000000158
ENSG00000206073	6318	SERPINB4	9.02190239	0.0000000000000455
ENSG00000206075	5268	SERPINB5	1.120850327	0.00142437
ENSG00000211448	1734	DIO2	0.824160283	0.014072635
ENSG00000213886	10537	UBD	1.957932377	0.0000213
ENSG00000213901	151295	SLC23A3	-1.216533193	0.000263845
ENSG00000213918	1773	DNASE1	-0.856944614	0.000238022
ENSG00000213996	53345	TM6SF2	-1.006148396	0.001062547
ENSG00000214049	652995	UCA1	0.865896429	0.047843376
ENSG00000214212	255809	C19orf38	1.010681122	0.0000824
ENSG00000214381	677779	LINC00488	-1.206855453	0.004861675
ENSG00000214711	440854	CAPN14	0.938595629	0.019812392
ENSG00000215182	4586	MUC5AC	2.786553943	0.000000585
ENSG00000216588	147710	IGSF23	-2.629916696	0.0000000465
ENSG00000221947	389668	XKR9	0.896086805	0.001779644
ENSG00000223806	400866	LINC00114	1.352137098	0.00000766
ENSG00000224057	100507500	EGFR-AS1	-2.523506315	0.0000000000198
ENSG00000224389	721	C4B	0.883299917	0.004972163
ENSG00000225492	400759	GBP1P1	1.653286388	0.000000725
ENSG00000225614	84627	ZNF469	0.893090242	0.00079899
ENSG00000225783	440823	MIAT	0.839442361	0.011193379
ENSG00000226306	4888	NPY6R	-0.687357055	0.01355492
ENSG00000229228	100287814	LINC00582	0.92105185	0.015688066
ENSG00000230006	645784	ANKRD36BP2	0.850745419	0.007025781
ENSG00000231528	286333	FAM225A	1.131021503	0.000479815
ENSG00000232284	100289178	GNG12-AS1	-0.664247105	0.013163777
ENSG00000232810	7124	TNF	1.414116711	0.0000207
ENSG00000234224	730130	TMEM229A	-2.395533508	0.0000000241
ENSG00000235097	144817	LINC00330	-2.233355395	0.0000352
ENSG00000235568	150372	NFAM1	0.861197113	0.000935151
ENSG00000236384	150135	LINC00479	-1.292172598	0.003578931
ENSG00000239264	81567	TXNDC5	0.867906943	0.002565027
ENSG00000239713	60489	APOBEC3G	0.580005891	0.009600853
ENSG00000239998	11027	LILRA2	1.760092947	0.000014
ENSG00000240065	5698	PSMB9	1.126958935	0.000000000867
ENSG00000240563	54596	L1TD1	1.53811241	0.000357782
ENSG00000242173	398	ARHGDIG	-1.199932484	0.000937174
ENSG00000243649	629	CFB	1.726240163	0.00000000169
ENSG00000243742	113157	RPLP0P2	0.589748021	0.023468672
ENSG00000243753	3139	HLA-L	0.98122009	0.000164181
ENSG00000243955	2938	GSTA1	-2.787436095	0.000000000000617
ENSG00000244067	2939	GSTA2	-3.982192355	0.00000000000000774
ENSG00000244474	54657	UGT1A4	-2.56785298	0.0000309
ENSG00000244482	79168	LILRA6	1.574082818	0.0000671
ENSG00000244731	720	C4A	0.753170801	0.02072048
ENSG00000247095	100506211	MIR210HG	0.596157795	0.000373263
ENSG00000249201	101928857	CTD-3080P12.3	-1.139162616	0.021185926
ENSG00000249751	641700	ECSCR	0.724654381	0.002761984
ENSG00000249948	57733	GBA3	-1.856448235	0.000000342
ENSG00000249992	25907	TMEM158	1.199499154	0.000363086
ENSG00000254087	4067	LYN	0.589685146	0.000421828
ENSG00000254709	100423062	IGLL5	0.749091146	0.029789926
ENSG00000255398	8843	HCAR3	6.481551415	0.00000000000000000000000000194
ENSG00000256162	100507203	SMLR1	-4.493492823	0.000000000000282
ENSG00000257335	8972	MGAM	-3.404677119	0.0000000000000169
ENSG00000258227	23601	CLEC5A	2.558645622	0.000000742
ENSG00000258947	10381	TUBB3	0.894094275	0.001986259
ENSG00000262406	4321	MMP12	1.902697048	0.00000317
ENSG00000263934	780851	SNORD3A	-0.635703863	0.020745178
ENSG00000265107	2702	GJA5	1.511305711	0.00000146
ENSG00000265763	118738	ZNF488	-1.301934729	0.00000395
ENSG00000266200	5408	PNLIPRP2	-1.041035369	0.02497124
ENSG00000268104	11254	SLC6A14	3.697117783	0.00000000000306
ENSG00000272620	84740	AFAP1-AS1	2.039894333	0.00145115
ENSG00000272636	8447	DOC2B	1.693414497	0.000000126
ENSG00000273777	125931	CEACAM20	-3.545949683	0.0000000000000756
ENSG00000275302	6351	CCL4	2.071890509	0.0000000263
ENSG00000275385	6362	CCL18	1.444741322	0.000675405
ENSG00000276023	11072	DUSP14	0.595885444	0.002408065
ENSG00000276070	9560	CCL4L2	1.706506234	0.000328683
ENSG00000276175	11026	LILRA3	4.264128836	0.0000000000000455
ENSG00000277481	342372	PKD1L3	0.604680787	0.043582904
ENSG00000277632	6348	CCL3	2.292554378	0.000000163
ENSG00000278505	284099	C17orf78	-4.61038207	0.0000000000000000483
ENSG00000283597	283777	FAM169B	0.819386316	0.045114845
ENSG00000283733	406938	MIR146A	0.801588539	0.004358243
ENSG00000284567	407008	MIR223	1.380299163	0.000148164
NA	69	ACTBP9	0.80880602	0.000252633
NA	303	ANXA2P1	0.81616676	0.001591757
NA	454	ASS1P9	1.138099936	0.0000279
NA	3136	HLA-H	0.803968578	0.003458628
NA	3500	IGHG1	1.717548146	0.000359978
NA	3501	IGHG2	1.748012909	0.000256113
NA	3502	IGHG3	3.03132309	0.00000000872
NA	3505	IGHGP	2.348903955	0.00000657
NA	3507	IGHM	1.734584091	0.0000153
NA	3523	IGKV3OR2-268	0.748741777	0.035119014
NA	3580	CXCR2P1	1.678412015	0.00000053
NA	3879	KRT18P1	0.603752555	0.035650721
NA	5483	PPIAP11	0.614317883	0.008640295
NA	6966	TRGC1	0.59876642	0.006362489
NA	7116	TMSB4XP2	0.585764952	0.019274039
NA	7120	TMSB4XP6	0.71028416	0.009449317
NA	28299	IGKV1-5	0.907131895	0.006485222
NA	28301	IGHV3OR16-15	1.280118341	0.000891082
NA	28304	IGHV3OR16-12	1.118240109	0.00337387
NA	28306	IGHV3OR16-10	0.984517727	0.003911419
NA	28307	IGHV3OR16-9	0.880326423	0.007988968
NA	28318	IGHV3OR15-7	1.100051148	0.003376293
NA	28385	IGHV6-1	1.397542021	0.000182069
NA	28388	IGHV5-51	0.881194852	0.007442188
NA	28390	IGHV4-80	0.961184861	0.029301068
NA	28392	IGHV4-59	0.692495207	0.029404405
NA	28394	IGHV4-39	0.809822195	0.024166646
NA	28395	IGHV4-34	1.41952488	0.000349702
NA	28400	IGHV4-28	1.454954922	0.0000836
NA	28408	IGHV3-74	1.512980997	0.00000984
NA	28409	IGHV3-73	1.173265071	0.001708113
NA	28410	IGHV3-72	0.993793565	0.004275748
NA	28411	IGHV3-71	1.039184487	0.004772765
NA	28414	IGHV3-64	1.16187499	0.008196049
NA	28423	IGHV3-49	0.912253984	0.012028257
NA	28426	IGHV3-43	1.001080121	0.018882855
NA	28434	IGHV3-33	0.682829691	0.039480971
NA	28442	IGHV3-23	0.905723518	0.007178028
NA	28444	IGHV3-21	0.890191904	0.006259773
NA	28448	IGHV3-15	1.35499191	0.000294356
NA	28449	IGHV3-13	0.878147229	0.039887239
NA	28452	IGHV3-7	0.973412791	0.003678079
NA	28454	IGHV2-70	1.022062947	0.009489144
NA	28455	IGHV2-26	1.373373001	0.000417454
NA	28461	IGHV1-69	0.888537585	0.020405427
NA	28463	IGHV1-67	0.929455486	0.014416147
NA	28464	IGHV1-58	1.216571731	0.003278569
NA	28465	IGHV1-46	0.737055627	0.038878539
NA	28467	IGHV1-24	1.860921553	0.0000126
NA	28468	IGHV1-18	0.805983453	0.019879823
NA	28469	IGHV1-17	0.891436298	0.034830599
NA	28473	IGHV1-3	0.970461848	0.036583531
NA	28475	IGHJ6	0.98231327	0.003968722
NA	28476	IGHJ5	0.963231076	0.006569526
NA	28477	IGHJ4	1.010273706	0.011971334
NA	28479	IGHJ3	1.259832714	0.001792178
NA	28481	IGHJ2	0.904632909	0.04053119
NA	28763	IGLVI-70	1.427465312	0.002396236
NA	28773	IGLV9-49	0.907211709	0.040795118
NA	28774	IGLV8-61	1.343747748	0.001113062
NA	28780	IGLV5-48	1.490627067	0.001179087
NA	28781	IGLV5-45	1.006342406	0.008116579
NA	28783	IGLV5-37	1.798195916	0.000177891
NA	28796	IGLV3-21	0.876889933	0.017552666
NA	28804	IGLV3-9	1.066163453	0.00883979
NA	28813	IGLV2-23	0.665733178	0.045487348
NA	28814	IGLV2-18	0.872370123	0.02287718
NA	28815	IGLV2-14	0.744988077	0.028745753
NA	28816	IGLV2-11	0.745416096	0.02604978
NA	28817	IGLV2-8	1.196675979	0.001148122
NA	28818	IGLV2-5	0.753818368	0.038275036
NA	28820	IGLV1-51	1.283712429	0.000938492
NA	28821	IGLV1-50	1.024137566	0.010857492
NA	28824	IGLV1-41	1.579833788	0.000638019
NA	28825	IGLV1-40	0.760127791	0.029342305
NA	28831	IGLJ3	1.463984532	0.001156058
NA	28832	IGLJ2	1.161386776	0.009886901
NA	28862	IGKV1OR2-108	0.750711704	0.048655293
NA	28865	IGKV1OR2-6	1.120048034	0.006036598
NA	28870	IGKV6D-21	1.294283532	0.001000406
NA	28874	IGKV3D-20	1.197307563	0.000876102
NA	28875	IGKV3D-15	0.650837395	0.042038299
NA	28876	IGKV3D-11	1.171639015	0.001815406
NA	28878	IGKV2D-40	1.391386286	0.002441248
NA	28881	IGKV2D-30	1.462776885	0.0013921
NA	28882	IGKV2D-29	1.214993826	0.002324693
NA	28883	IGKV2D-28	1.835232992	0.000304908
NA	28885	IGKV2D-24	1.180414413	0.00298702
NA	28891	IGKV1D-43	1.402802076	0.001556596
NA	28893	IGKV1D-39	1.253757307	0.006170559
NA	28901	IGKV1D-16	1.413913831	0.000325949
NA	28903	IGKV1D-12	1.143563039	0.004111648
NA	28905	IGKV7-3	0.997108616	0.006581509
NA	28907	IGKV5-2	1.111317828	0.002125568
NA	28908	IGKV4-1	1.075205353	0.001401976
NA	28912	IGKV3-20	1.076772244	0.001154341
NA	28913	IGKV3-15	0.910241585	0.009820036
NA	28914	IGKV3-11	0.91302797	0.005863043
NA	28915	IGKV3-7	0.968240566	0.006641498
NA	28919	IGKV2-30	1.028433338	0.003270054
NA	28921	IGKV2-28	1.153416379	0.005441034
NA	28922	IGKV2-26	1.047418243	0.005208814
NA	28923	IGKV2-24	0.976845919	0.008912564
NA	28930	IGKV1-39	1.233021878	0.00767465
NA	28933	IGKV1-33	0.929314881	0.038155798
NA	28935	IGKV1-27	1.036633127	0.003129975
NA	28937	IGKV1-17	0.975053296	0.005757087
NA	28938	IGKV1-16	1.152063046	0.000806254
NA	28940	IGKV1-12	1.063846003	0.001850689
NA	28941	IGKV1-9	1.099388852	0.001838717
NA	28942	IGKV1-8	1.592626938	0.0000405
NA	28943	IGKV1-6	1.168223842	0.001176442
NA	28946	IGKJ5	1.176935071	0.00163852
NA	28947	IGKJ4	1.584685773	0.000161396
NA	28948	IGKJ3	1.120987733	0.002207391
NA	284729	ESPNP	-1.04388897	0.007338581
NA	286002	SLC26A4-AS1	1.496135421	0.001069647
NA	338099	PSME2P2	0.635584728	0.00000176
NA	340274	ASS1P11	1.241818121	0.00000937
NA	344697	HNRNPA1P21	1.186160814	0.000146802
NA	388255	IGHV3OR16-8	0.849919551	0.013945319
NA	440067	CASP1P2	1.0051137	0.002751721
NA	441160	KRT19P1	0.905981578	0.003248844
NA	442013	LDHAP3	0.75399987	0.00355687
NA	442167	ASS1P1	1.140138506	0.0000207
NA	442231	GAPDHP63	0.617461347	0.002055899
NA	642546	HK2P1	0.832315409	0.000245284
NA	643159	ATF4P3	0.624300127	0.004262268
NA	643447	KRT8P49	0.62701052	0.017621701
NA	643586	PKMP1	0.61755117	0.001710238
NA	646208	NUS1P2	0.836375063	0.026722486
NA	646370	IGHV1OR15-3	1.00874791	0.020771716
NA	647187	IGHV3OR16-6	2.018801462	0.000052
NA	728873	PTMAP8	0.741734852	0.005083384
NA	730138	PFN1P1	0.583927255	0.019270164
NA	100128493	UBE2V2P1	-3.341212228	0.00000000116
NA	100130889	PSORS1C3	-0.934692206	0.006079631
NA	100131733	USP30-AS1	0.753684288	0.00000394
NA	100131743	GAPDHP40	0.720274085	0.010965175
NA	100190800	LDHAP7	0.597845331	0.002411212
NA	100287372	IGHV3OR16-13	2.15974381	0.0000115
NA	100506451	RASSF8-AS1	0.629871819	0.013702412
NA	100507056	CCAT1	0.741546571	0.032418821
NA	100652988	LINC00702	0.766954732	0.008594855
NA	100887067	KRT8P48	0.706220624	0.005891154
NA	106478943	MTND6P4	1.462980179	0.000152178
NA	107105264	RNU1-70P	-5.025176305	0.0000000000000282
